{
 "P": {
  "model_JJA": {
   "box1": {
    "line": "default", 
    "priority": 1, 
    "x1": 0.063, 
    "x2": 0.4464999999999999, 
    "y1": 0.07499999999999993, 
    "y2": 0.32333333333333325
   }, 
   "box2": {
    "line": "default", 
    "priority": 0, 
    "x1": 0.011694443827106497, 
    "x2": 0.40371667867780014, 
    "y1": 0.09155556377892035, 
    "y2": 0.3316111028880773
   }, 
   "box3": {
    "line": "default", 
    "priority": 0, 
    "x1": 0.011694443827106497, 
    "x2": 0.39945557157054223, 
    "y1": 0.09983333333325048, 
    "y2": 0.32333333333333325
   }, 
   "box4": {
    "line": "default", 
    "priority": 0, 
    "x1": 0.011694443827106497, 
    "x2": 0.011694443827106438, 
    "y1": 0, 
    "y2": 0
   }, 
   "comment1": {
    "priority": 0, 
    "textorientation": "__textorientation_262086532194007", 
    "texttable": "default", 
    "x": 0.054305556172808286, 
    "y": 0.36265276338728236
   }, 
   "comment2": {
    "priority": 0, 
    "textorientation": "__textorientation_153146938531049", 
    "texttable": "default", 
    "x": 0.054305556172808286, 
    "y": 0.37093055761145877
   }, 
   "comment3": {
    "priority": 0, 
    "textorientation": "__textorientation_813523508477138", 
    "texttable": "default", 
    "x": 0.054305556172808286, 
    "y": 0.3792083271657889
   }, 
   "comment4": {
    "priority": 0, 
    "textorientation": "__textorientation_592295408512620", 
    "texttable": "default", 
    "x": 0.054305556172808286, 
    "y": 0.3808638860109552
   }, 
   "crdate": {
    "priority": 0, 
    "textorientation": "__textorientation_706558341287048", 
    "texttable": "default", 
    "x": 0.3312777816580782, 
    "y": 0.34940831729786703
   }, 
   "crtime": {
    "priority": 0, 
    "textorientation": "__textorientation_970551113287212", 
    "texttable": "default", 
    "x": 0.3738889035282157, 
    "y": 0.34940831729786703
   }, 
   "data": {
    "priority": 1, 
    "ratio": -999, 
    "x1": 0.063, 
    "x2": 0.4464999999999999, 
    "y1": 0.07499999999999993, 
    "y2": 0.32333333333333325
   }, 
   "dataname": {
    "priority": 0, 
    "textorientation": "__textorientation_23313194284343", 
    "texttable": "default", 
    "x": 0.033, 
    "y": 0.33333333333333326
   }, 
   "file": {
    "priority": 0, 
    "textorientation": "__textorientation_944109366884708", 
    "texttable": "default", 
    "x": 0.033, 
    "y": 0
   }, 
   "function": {
    "priority": 0, 
    "textorientation": "__textorientation_919048872148137", 
    "texttable": "default", 
    "x": 0.033, 
    "y": 0
   }, 
   "legend": {
    "arrow": 0.05, 
    "line": "default", 
    "offset": 0.0195, 
    "priority": 0, 
    "textorientation": "__textorientation_916255457594683", 
    "texttable": "default", 
    "x1": 0.43649999999999994, 
    "x2": 0.46717999999999993, 
    "y1": 0.09983333333333325, 
    "y2": 0.29849999999999993
   }, 
   "line1": {
    "line": "default", 
    "priority": 0, 
    "x1": 0.033, 
    "x2": 0.4164999999999999, 
    "y1": 0.1991666666666666, 
    "y2": 0.19916666666666663
   }, 
   "line2": {
    "line": "default", 
    "priority": 0, 
    "x1": 0.2247500023810876, 
    "x2": 0.22475000238108755, 
    "y1": 0.07499999999999993, 
    "y2": 0.32333333333333325
   }, 
   "line3": {
    "line": "default", 
    "priority": 1, 
    "x1": 0.011694443827106497, 
    "x2": 0.3951944390649312, 
    "y1": 0.18674998766532513, 
    "y2": 0.18674998766532516
   }, 
   "line4": {
    "line": "default", 
    "priority": 1, 
    "x1": 0.011694443827106497, 
    "x2": 0.3951944390649312, 
    "y1": 0.3771388847774133, 
    "y2": 0.3771388847774133
   }, 
   "logicalmask": {
    "priority": 1, 
    "textorientation": "__textorientation_307154591483653", 
    "texttable": "default", 
    "x": 0.033, 
    "y": 0
   }, 
   "max": {
    "format": "default", 
    "priority": 0, 
    "textorientation": "__textorientation_124709209015926", 
    "texttable": "default", 
    "x": 0.43649999999999994, 
    "y": 0.3329393773295843
   }, 
   "mean": {
    "format": "default", 
    "priority": 0, 
    "textorientation": "__textorientation_611562673888737", 
    "texttable": "default", 
    "x": 0.22474999999999998, 
    "y": 0.3398888724424074
   }, 
   "min": {
    "format": "default", 
    "priority": 0, 
    "textorientation": "__textorientation_235631687802930", 
    "texttable": "default", 
    "x": 0.43649999999999994, 
    "y": 0.3398888724424074
   }, 
   "source": {
    "priority": 0, 
    "textorientation": "__textorientation_695217955938595", 
    "texttable": "default", 
    "x": 0.033, 
    "y": 0.3572722033089879
   }, 
   "title": {
    "priority": 1, 
    "textorientation": "__textorientation_924059660358408", 
    "texttable": "default", 
    "x": 0.25475, 
    "y": 0.98
   }, 
   "tname": {
    "priority": 0, 
    "textorientation": "__textorientation_876966389009197", 
    "texttable": "default", 
    "x": 0.011694443827106497, 
    "y": 0.3792083271657889
   }, 
   "transformation": {
    "priority": 0, 
    "textorientation": "__textorientation_29709667944547", 
    "texttable": "default", 
    "x": 0.033, 
    "y": 0
   }, 
   "tunits": {
    "priority": 0, 
    "textorientation": "__textorientation_66249464245779", 
    "texttable": "default", 
    "x": 0.011694443827106497, 
    "y": 0.3792083271657889
   }, 
   "tvalue": {
    "format": "default", 
    "priority": 1, 
    "textorientation": "__textorientation_847583123173513", 
    "texttable": "default", 
    "x": 0.35258334259314694, 
    "y": 0.3328527781887928
   }, 
   "units": {
    "priority": 1, 
    "textorientation": "__textorientation_199088898790635", 
    "texttable": "default", 
    "x": 0.36749999999999994, 
    "y": 0.3398888724424074
   }, 
   "xlabel1": {
    "priority": 1, 
    "textorientation": "__textorientation_813189496484141", 
    "texttable": "default", 
    "y": 0.06465278188952223
   }, 
   "xlabel2": {
    "priority": 0, 
    "textorientation": "__textorientation_890795217269263", 
    "texttable": "default", 
    "y": 0.3274722181104983
   }, 
   "xmintic1": {
    "line": "default", 
    "priority": 1, 
    "y1": 0.07499999999999993, 
    "y2": 0.07375833703400064
   }, 
   "xmintic2": {
    "line": "default", 
    "priority": 0, 
    "y1": 0.32333333333333325, 
    "y2": 0.32333333333333325
   }, 
   "xname": {
    "priority": 0, 
    "textorientation": "__textorientation_702096797628659", 
    "texttable": "default", 
    "x": 0.2547500023810876, 
    "y": 0.054305560325141874
   }, 
   "xtic1": {
    "line": "default", 
    "priority": 1, 
    "y1": 0.07499999999999993, 
    "y2": 0.06961944608906356
   }, 
   "xtic2": {
    "line": "default", 
    "priority": 0, 
    "y1": 0.32333333333333325, 
    "y2": 0.3282999851981584
   }, 
   "xunits": {
    "priority": 1, 
    "textorientation": "__textorientation_675936179755685", 
    "texttable": "default", 
    "x": 0.26736112425122505, 
    "y": 0.0820361189234608
   }, 
   "xvalue": {
    "format": "default", 
    "priority": 1, 
    "textorientation": "__textorientation_537055618046620", 
    "texttable": "default", 
    "x": 0.35258334259314694, 
    "y": 0.3572722033089879
   }, 
   "ylabel1": {
    "priority": 1, 
    "textorientation": "__textorientation_705095025172666", 
    "texttable": "default", 
    "x": 0.05873888813043904
   }, 
   "ylabel2": {
    "priority": 0, 
    "textorientation": "__textorientation_581796061227890", 
    "texttable": "default", 
    "x": 0.4207611071072579
   }, 
   "ymintic1": {
    "line": "default", 
    "priority": 1, 
    "x1": 0.063, 
    "x2": 0.060869444858894034
   }, 
   "ymintic2": {
    "line": "default", 
    "priority": 0, 
    "x1": 0.4165, 
    "x2": 0.41863055355384193
   }, 
   "yname": {
    "priority": 0, 
    "textorientation": "__textorientation_738024772911402", 
    "texttable": "default", 
    "x": 0.014251110529754269, 
    "y": 0.19916666567995556
   }, 
   "ytic1": {
    "line": "default", 
    "priority": 1,