{
 "P": {
  "cloud_model": {
   "box1": {
    "line": "default", 
    "priority": 1, 
    "x1": 0.12299999999999998, 
    "x2": 0.86, 
    "y1": 0.7016666666666667, 
    "y2": 0.95
   }, 
   "box2": {
    "line": "default", 
    "priority": 0, 
    "x1": 0.08205555436917204, 
    "x2": 0.8354333564160071, 
    "y1": 0.7182222304455871, 
    "y2": 0.958277769554744
   }, 
   "box3": {
    "line": "default", 
    "priority": 0, 
    "x1": 0.08205555436917204, 
    "x2": 0.8272444752216158, 
    "y1": 0.7264999999999172, 
    "y2": 0.95
   }, 
   "box4": {
    "line": "default", 
    "priority": 0, 
    "x1": 0.08205555436917204, 
    "x2": 0.082055554369172, 
    "y1": 0.5940555637789204, 
    "y2": 0.5940555637789204
   }, 
   "comment1": {
    "priority": 0, 
    "textorientation": "__textorientation_176183924471540", 
    "texttable": "default", 
    "x": 0.16394444563066415, 
    "y": 0.9893194300539491
   }, 
   "comment2": {
    "priority": 0, 
    "textorientation": "__textorientation_954989464193485", 
    "texttable": "default", 
    "x": 0.16394444563066415, 
    "y": 0.9975972242781255
   }, 
   "comment3": {
    "priority": 0, 
    "textorientation": "__textorientation_121502520457432", 
    "texttable": "default", 
    "x": 0.16394444563066415, 
    "y": 1
   }, 
   "comment4": {
    "priority": 0, 
    "textorientation": "__textorientation_625230328705748", 
    "texttable": "default", 
    "x": 0.16394444563066415, 
    "y": 1
   }, 
   "crdate": {
    "priority": 0, 
    "textorientation": "__textorientation_223016666715528", 
    "texttable": "default", 
    "x": 0.6962222296792794, 
    "y": 0.9760749839645337
   }, 
   "crtime": {
    "priority": 0, 
    "textorientation": "__textorientation_339156081170644", 
    "texttable": "default", 
    "x": 0.7781111392445762, 
    "y": 0.9760749839645337
   }, 
   "data": {
    "priority": 1, 
    "ratio": -999, 
    "x1": 0.12299999999999998, 
    "x2": 0.86, 
    "y1": 0.7016666666666667, 
    "y2": 0.95
   }, 
   "dataname": {
    "priority": 1, 
    "textorientation": "__textorientation_787514673771222", 
    "texttable": "default", 
    "x": 0.12299999999999998, 
    "y": 0.96
   }, 
   "file": {
    "priority": 0, 
    "textorientation": "__textorientation_303531906882105", 
    "texttable": "default", 
    "x": 0.12299999999999998, 
    "y": 0.5994361192316756
   }, 
   "function": {
    "priority": 0, 
    "textorientation": "__textorientation_787110685298758", 
    "texttable": "default", 
    "x": 0.12299999999999998, 
    "y": 0.5994361192316756
   }, 
   "legend": {
    "arrow": 0.05, 
    "line": "default", 
    "offset": 0.0195, 
    "priority": 1, 
    "textorientation": "__textorientation_444008451240065", 
    "texttable": "default", 
    "x1": 0.88, 
    "x2": 0.93896, 
    "y1": 0.7265, 
    "y2": 0.9251666666666666
   }, 
   "line1": {
    "line": "default", 
    "priority": 0, 
    "x1": 0.12299999999999998, 
    "x2": 0.86, 
    "y1": 0.8258333333333333, 
    "y2": 0.8258333333333334
   }, 
   "line2": {
    "line": "default", 
    "priority": 0, 
    "x1": 0.49150000457591025, 
    "x2": 0.4915000045759102, 
    "y1": 0.7016666666666667, 
    "y2": 0.95
   }, 
   "line3": {
    "line": "default", 
    "priority": 1, 
    "x1": 0.08205555436917204, 
    "x2": 0.8190555452173516, 
    "y1": 0.8134166543319918, 
    "y2": 0.8134166543319918
   }, 
   "line4": {
    "line": "default", 
    "priority": 1, 
    "x1": 0.08205555436917204, 
    "x2": 0.8190555452173516, 
    "y1": 1, 
    "y2": 1
   }, 
   "logicalmask": {
    "priority": 1, 
    "textorientation": "__textorientation_553052461915791", 
    "texttable": "default", 
    "x": 0.12299999999999998, 
    "y": 0.6077138964955138
   }, 
   "max": {
    "format": "default", 
    "priority": 1, 
    "textorientation": "__textorientation_325595057316939", 
    "texttable": "default", 
    "x": 0.88, 
    "y": 0.950696952995288
   }, 
   "mean": {
    "format": "default", 
    "priority": 1, 
    "textorientation": "__textorientation_211132728046282", 
    "texttable": "default", 
    "x": 0.4915, 
    "y": 0.9615555391090741
   }, 
   "min": {
    "format": "default", 
    "priority": 1, 
    "textorientation": "__textorientation_835099936729730", 
    "texttable": "default", 
    "x": 0.88, 
    "y": 0.9665555391090741
   }, 
   "source": {
    "priority": 1, 
    "textorientation": "__textorientation_785455365296535", 
    "texttable": "default", 
    "x": 0.12299999999999998, 
    "y": 0.9465555391090741
   }, 
   "title": {
    "priority": 1, 
    "textorientation": "__textorientation_890595748877723", 
    "texttable": "default", 
    "x": 0.4915, 
    "y": 0.9760749839645337
   }, 
   "tname": {
    "priority": 0, 
    "textorientation": "__textorientation_860206469238286", 
    "texttable": "default", 
    "x": 0.08205555436917204, 
    "y": 1
   }, 
   "transformation": {
    "priority": 0, 
    "textorientation": "__textorientation_839082600692533", 
    "texttable": "default", 
    "x": 0.12299999999999998, 
    "y": 0.615991673759352
   }, 
   "tunits": {
    "priority": 0, 
    "textorientation": "__textorientation_72759508140195", 
    "texttable": "default", 
    "x": 0.08205555436917204, 
    "y": 1
   }, 
   "tvalue": {
    "format": "default", 
    "priority": 1, 
    "textorientation": "__textorientation_488513775998309", 
    "texttable": "default", 
    "x": 0.7371666844619278, 
    "y": 0.9595194448554595
   }, 
   "units": {
    "priority": 1, 
    "textorientation": "__textorientation_487374235761541", 
    "texttable": "default", 
    "x": 0.8109999999999999, 
    "y": 0.9665555391090741
   }, 
   "xlabel1": {
    "priority": 1, 
    "textorientation": "__textorientation_662879145857508", 
    "texttable": "default", 
    "y": 0.691319448556189
   }, 
   "xlabel2": {
    "priority": 0, 
    "textorientation": "__textorientation_518908431662950", 
    "texttable": "default", 
    "y": 0.954138884777165
   }, 
   "xmintic1": {
    "line": "default", 
    "priority": 1, 
    "y1": 0.7016666666666667, 
    "y2": 0.7004250037006674
   }, 
   "xmintic2": {
    "line": "default", 
    "priority": 0, 
    "y1": 0.95, 
    "y2": 0.95
   }, 
   "xname": {
    "priority": 1, 
    "textorientation": "__textorientation_24118008993094", 
    "texttable": "default", 
    "x": 0.49150000457591025, 
    "y": 0.6809722269918086
   }, 
   "xtic1": {
    "line": "default", 
    "priority": 1, 
    "y1": 0.7016666666666667, 
    "y2": 0.6962861127557303
   }, 
   "xtic2": {
    "line": "default", 
    "priority": 0, 
    "y1": 0.95, 
    "y2": 0.9549666518648251
   }, 
   "xunits": {
    "priority": 1, 
    "textorientation": "__textorientation_876173843355999", 
    "texttable": "default", 
    "x": 0.5733889141412071, 
    "y": 0.7087027855901276
   }, 
   "xvalue": {
    "format": "default", 
    "priority": 1, 
    "textorientation": "__textorientation_100342259362283", 
    "texttable": "default", 
    "x": 0.7371666844619278, 
    "y": 0.9839388699756546
   }, 
   "ylabel1": {
    "priority": 1, 
    "textorientation": "__textorientation_732763257308581", 
    "texttable": "default", 
    "x": 0.11481110965354253
   }, 
   "ylabel2": {
    "priority": 0, 
    "textorientation": "__textorientation_748693243113214", 
    "texttable": "default", 
    "x": 0.8681888811943914
   }, 
   "ymintic1": {
    "line": "default", 
    "priority": 1, 
    "x1": 0.12299999999999998, 
    "x2": 0.1189055563520337
   }, 
   "ymintic2": {
    "line": "default", 
    "priority": 0, 
    "x1": 0.86, 
    "x2": 0.8640944405976051
   }, 
   "yname": {
    "priority": 1, 
    "textorientation": "__textorientation_99656099180641", 
    "texttable": "default", 
    "x": 0.0669688877716529, 
    "y": 0.8258333323466223
   }, 
   "ytic1": {
    "line": "default", 
    "priority": 1, 
    "x1": 0.12299999999999998, 
    "x2": 0.11481110965354246
   }, 
   "ytic2": {
    "line": "default", 
    "priority": 0, 
    "x1": 0.86,